{"oa_val":0.817307710647583,"_timestamp":1.7371655044108405e+09,"_runtime":7170.041384922,"_step":99,"loss_train":0.15717781583468118,"loss_val":0.3794887959957123,"oa_train":0.9858631094296774,"_wandb":{"runtime":7170}}