{"loss_train":0.4352451993719391,"lr":0.0018,"loss_val":1.1676124430128507,"_step":54,"_runtime":2214.882082883,"oa_train":0.8179347826086957,"_wandb":{"runtime":2243},"oa_val":0.5357142857142857,"_timestamp":1.7374188154595609e+09}