{"_timestamp":1.7375951857426162e+09,"oa_val":0.9967019086826348,"loss_val":0.022880184138611984,"lr":0.0018,"_wandb":{"runtime":988},"loss_train":0.01419477428606748,"oa_train":0.9963617602915952,"_runtime":953.039023094,"_step":0}