{"_runtime":7539.250207432,"_step":99,"loss_train":0.2369691530863444,"loss_val":0.4627479910850525,"_wandb":{"runtime":7539},"oa_train":0.9676339427630106,"oa_val":0.7884615659713745,"_timestamp":1.737141025153664e+09}