{"_step":0,"_wandb":{"runtime":67},"loss_train":0.19200108103130176,"loss_val":0.11212942344338997,"oa_train":0.9375,"oa_val":0.9809782608695652,"_timestamp":1.7374089292541614e+09,"_runtime":63.09229504}