{"_timestamp":1.7375191241639228e+09,"_step":249,"loss_val":0.3062000274658203,"lr":0.0015,"loss_train":0.04407240450382233,"oa_train":1,"_runtime":5406.636313127,"_wandb":{"runtime":5406},"oa_val":0.8723403811454773}