{"_runtime":118.624121739,"_step":1,"loss_train":0.9660861427369325,"loss_val":0.14278501920078113,"oa_train":0.44565217391304346,"oa_val":0.9836956521739131,"_timestamp":1.7374098456672773e+09,"_wandb":{"runtime":131}}