{"_wandb":{"runtime":1164},"loss_val":0.6634608010450999,"lr":0.0005,"_runtime":1157.877967312,"_step":56,"oa_train":0.5257812514901161,"oa_val":0.6270195444424947,"_timestamp":1.737507237254919e+09,"loss_train":0.6917155310511589}