{"oa_train":0.9935826063156128,"_wandb":{"runtime":21238},"oa_val":0.826923131942749,"_timestamp":1.737201558437448e+09,"_runtime":21238.171961687,"_step":199,"loss_train":0.07052289880812168,"loss_val":0.41164156794548035}