{"oa_val":0.546875,"loss_train":0.5812460612505674,"_wandb":{"runtime":1297},"_timestamp":1.7375072318271124e+09,"lr":0.001,"oa_train":0.6953125,"_runtime":1285.838125109,"_step":63,"loss_val":0.8273954764008522}