{"oa_val":0.7403846383094788,"_timestamp":1.737157793769133e+09,"_runtime":7261.551628519,"_step":99,"_wandb":{"runtime":7261},"loss_train":0.3954625427722931,"loss_val":0.5196870565414429,"oa_train":0.840029776096344}