{"oa_train":0.9947916666666666,"oa_val":0.7734375,"_wandb":{"runtime":7216},"_timestamp":1.7374041088633382e+09,"_runtime":7216.096139733,"_step":149,"loss_train":0.01323982085644578,"loss_val":0.6027162671089172}