{"loss_val":0.564650388327069,"oa_train":0.9429347826086957,"oa_val":0.8269230769230769,"_timestamp":1.7370655899053938e+09,"_runtime":3979.320757201,"_wandb":{"runtime":3979},"_step":99,"loss_train":0.11999032258292731}