{"loss_val":0.3910455661160605,"oa_val":0.8125,"_timestamp":1.737411597197966e+09,"_runtime":10.501232396,"_step":0,"_wandb":{"runtime":10}}