{"oa_val":0.9846043797310241,"_timestamp":1.7376753262493973e+09,"_runtime":1840.581093758,"_wandb":{"runtime":2245},"loss_train":0.2719021689108418,"oa_train":0.9486502704448602,"_step":1,"loss_val":0.08835712351841842,"lr":0.0018}