{"loss_val":0.5260329842567444,"_timestamp":1.7374906314989526e+09,"oa_val":0.7692307829856873,"oa_train":0.5796130994955698,"loss_train":0.6606731017430624,"_step":149,"_wandb":{"runtime":10959},"_runtime":10959.137122913,"lr":0.0018}