{"_wandb":{"runtime":7062},"_timestamp":1.7374046810263216e+09,"_runtime":7062.632971302,"_step":149,"loss_train":0.0036672378280301295,"loss_val":0.7559525540896824,"oa_train":1,"oa_val":0.8392857142857143}