{"_timestamp":1.737416503932412e+09,"_step":0,"loss_train":0.8121068676312765,"oa_train":0.4776785721381505,"_runtime":71.981344997,"loss_val":0.7090591192245483,"oa_val":0.5,"_wandb":{"runtime":90},"lr":0.0018}