{"_step":149,"loss_train":0.15637334684530893,"loss_val":0.4199989140033722,"oa_train":0.9639136989911398,"oa_val":0.826923131942749,"_timestamp":1.7374084587232137e+09,"_wandb":{"runtime":12036},"_runtime":12036.875444619}