{"_runtime":10147.695874764,"_step":149,"loss_train":0.026952030758063,"_wandb":{"runtime":10147},"loss_val":0.47097940742969513,"oa_train":1,"oa_val":0.8359375,"_timestamp":1.737406273016011e+09}