{"lr":0.0018,"_timestamp":1.737493203129148e+09,"loss_train":0.4931662678718567,"loss_val":0.5544198751449585,"oa_val":0.759615421295166,"_wandb":{"runtime":10595},"oa_train":0.7161458532015482,"_step":149,"_runtime":10595.223441598}