{"lr":0.0015,"_wandb":{"runtime":2017},"loss_val":0.3261845260858536,"_timestamp":1.7375094652132676e+09,"oa_train":1,"oa_val":0.8786458671092987,"_runtime":2017.6244234,"_step":99,"loss_train":0.07056806981563568}