{"_timestamp":1.7375434939812055e+09,"loss_train":0.044439551730950676,"_wandb":{"runtime":11126},"oa_val":0.8936169743537903,"_runtime":11126.773458656,"loss_val":0.25999879837036133,"_step":499,"oa_train":0.9889233708381653,"lr":0.0018}