{"_timestamp":1.73742231417218e+09,"_runtime":10619.424767894,"_wandb":{"runtime":10619},"_step":149,"loss_train":0.4953654259443283,"loss_val":0.4580276906490326,"oa_train":0.6979166865348816,"oa_val":0.8076923489570618}