{"oa_train":0.7317708532015482,"oa_val":0.625,"_timestamp":1.737076072185202e+09,"_runtime":3833.260839207,"_wandb":{"runtime":3833},"_step":49,"loss_train":0.5845547914505005,"loss_val":0.6333045363426208}