{"lr":0.0018,"oa_train":0.9963617602915952,"_timestamp":1.7375934266697977e+09,"_step":0,"loss_val":0.04032546448839193,"oa_val":0.9967019086826348,"_runtime":974.959313654,"_wandb":{"runtime":1646},"loss_train":0.01419477428606748}