{"loss_val":0.3852798640727997,"oa_train":0.988839308420817,"oa_val":0.8076923489570618,"_timestamp":1.7372543740203788e+09,"_runtime":14877.030977287,"_wandb":{"runtime":14877},"_step":199,"loss_train":0.07689188420772552}