{"_timestamp":1.73725185604141e+09,"_runtime":12294.951738363,"_step":199,"_wandb":{"runtime":12294},"loss_train":0.019293444075932104,"loss_val":0.4110895097255707,"oa_train":1,"oa_val":0.792187511920929}