{"lr":0.0015,"_wandb":{"runtime":2133},"oa_val":0.8713541924953461,"_runtime":2133.450003357,"oa_train":0.9674479166666666,"loss_train":0.14446398367484412,"_timestamp":1.7375097380500324e+09,"loss_val":0.3280845731496811,"_step":99}