{"_timestamp":1.7374108942175918e+09,"_runtime":10.876422172,"_step":0,"_wandb":{"runtime":10},"loss_val":0.39060390421322416,"oa_val":0.8125}