{"loss_val":0.484111487865448,"_wandb":{"runtime":7586},"oa_train":0.9434523979822794,"oa_val":0.7788462042808533,"_timestamp":1.73710360988185e+09,"_runtime":7586.894603532,"_step":99,"loss_train":0.3003901739915212}