{"_step":0,"loss_train":0.812092920144399,"oa_val":0.5,"loss_val":0.7090221643447876,"_runtime":71.169780448,"_wandb":{"runtime":105},"_timestamp":1.737416390297109e+09,"oa_train":0.4776785721381505,"lr":0.0018}