{"_step":1,"loss_train":0.6481807231903076,"_wandb":{"runtime":57},"oa_train":0.6029537717501322,"_runtime":51.110350132,"oa_val":0.542553186416626,"lr":0.0018,"_timestamp":1.7375102845783887e+09,"loss_val":0.712754487991333}