{"_runtime":10.977338686,"_step":0,"_wandb":{"runtime":11},"loss_val":0.5729305190699441,"oa_val":0.7232142857142857,"_timestamp":1.737411407496218e+09}