{"_step":3,"loss_train":0.6962383389472961,"loss_val":0.710952639579773,"oa_train":0.5409226218859354,"oa_val":0.49038463830947876,"_timestamp":1.7370720774440994e+09,"_runtime":303.742195629,"_wandb":{"runtime":333}}