{"loss_val":0.11178198667324107,"oa_train":0.9402173913043478,"oa_val":0.9809782608695652,"_timestamp":1.7374085771126914e+09,"_runtime":59.900811251,"_step":0,"_wandb":{"runtime":67},"loss_train":0.1917820900030758}