{"_runtime":115.804427246,"_step":2,"loss_train":0.5202414132654667,"loss_val":0.510726205431498,"_wandb":{"runtime":151},"oa_train":0.720108695652174,"oa_val":0.7115384615384616,"_timestamp":1.7370615604737568e+09}