{"_step":4,"_wandb":{"runtime":220},"loss_val":0.37702587246894836,"oa_val":0.8214285714285714,"_timestamp":1.7374104707549937e+09,"_runtime":191.914945975}