{"loss_val":0.49147188663482666,"oa_train":0.9438244104385376,"oa_val":0.7788462042808533,"_timestamp":1.7370958640346506e+09,"_runtime":6900.264909133,"_step":91,"loss_train":0.3135013182957967,"_wandb":{"runtime":6948}}