{"_step":83,"loss_train":0.35132303833961487,"oa_train":0.8623046875,"_timestamp":1.7375771333128555e+09,"loss_val":0.44978614151477814,"_wandb":{"runtime":9148},"oa_val":0.7887074053287506,"_runtime":9079.848921703,"lr":0.0018}