{"loss_val":0.37403200566768646,"oa_val":0.8575521111488342,"_wandb":{"runtime":2028},"_timestamp":1.7375094048311422e+09,"loss_train":0.04471568763256073,"_step":99,"oa_train":1,"lr":0.0015,"_runtime":2028.613730186}