{"oa_val":0.9891304347826086,"_timestamp":1.737409924532333e+09,"_runtime":58.55359963,"_step":0,"loss_train":0.10898619776834613,"loss_val":0.11230793044618938,"oa_train":0.9945652173913043,"_wandb":{"runtime":68}}