{"loss_val":0.25480161088964215,"oa_train":0.9239130434782609,"oa_val":0.8858695652173914,"_timestamp":1.7374084812604187e+09,"_runtime":61.448748747,"_wandb":{"runtime":89},"_step":0,"loss_train":0.21267155493083206}