{"_timestamp":1.7372543369512424e+09,"_runtime":14726.272126054,"_step":199,"loss_train":0.04364842424790064,"_wandb":{"runtime":14726},"loss_val":0.4064999222755432,"oa_train":1,"oa_val":0.8076923489570618}