{"oa_train":0.9486607313156128,"_wandb":{"runtime":7237},"oa_val":0.8076923489570618,"_timestamp":1.7371596022581503e+09,"_runtime":7237.177167015,"_step":99,"loss_train":0.25234133501847583,"loss_val":0.4119854271411896}