{"_runtime":8041.968691947,"_wandb":{"runtime":8041},"_timestamp":1.7375273852449024e+09,"loss_val":0.33524999022483826,"oa_val":0.8563829660415649,"lr":0.0018,"oa_train":0.9729773004849752,"_step":349,"loss_train":0.11129824320475261}