{"_timestamp":1.7376709118973324e+09,"lr":0.0018,"oa_train":0.9947854131204595,"oa_val":0.9954606912093248,"_runtime":73068.245412756,"_wandb":{"runtime":73215},"_step":86,"loss_train":0.022139252752585235,"loss_val":0.016795119646418014}