{"_runtime":8678.456190621,"lr":0.0015,"loss_val":0.6641754060983658,"oa_train":0.6953125,"loss_train":0.5714359829823176,"_wandb":{"runtime":8678},"oa_val":0.609375,"_timestamp":1.7374277642681384e+09,"_step":149}