{"_step":0,"_timestamp":1.7375969379763904e+09,"_wandb":{"runtime":1560},"lr":0.0018,"loss_train":0.3817068327307752,"loss_val":0.09602206472508208,"oa_train":0.9233042393295066,"oa_val":0.9835517973956948,"_runtime":917.440726693}