{"oa_train":0.9801897406578064,"oa_val":0.8365384936332703,"_timestamp":1.7372386443170617e+09,"_runtime":21233.264289889,"_wandb":{"runtime":21233},"_step":199,"loss_train":0.10940167680382729,"loss_val":0.3876897096633911}