{"_step":99,"loss_train":0.2976670165856679,"_wandb":{"runtime":7464},"loss_val":0.4322669208049774,"oa_train":0.9274553656578064,"oa_val":0.7980769276618958,"_timestamp":1.7371501185952508e+09,"_runtime":7464.579589677}