{"loss_train":0.12398192286491394,"_wandb":{"runtime":5597},"oa_val":0.8882978558540344,"lr":0.0018,"_timestamp":1.7375159426720166e+09,"oa_train":0.9658069411913554,"loss_val":0.2617519795894623,"_step":249,"_runtime":5597.059056604}